{
  "name": "compyx",
  "vendorId": "0x5836",
  "productId": "0x8000",
  "lighting": "qmk_rgblight",
  "matrix": { "rows": 6, "cols": 16 },
  "layouts": {
    "keymap": [
	["0,0","0,1",{"x":13.25},"0,12","0,13","0,14"],
	[{"y":-0.75,"x":2.25,"c":"#998d8d","w":1.25,"h":0.75},"0,2",{"w":1.25,"h":0.75},"0,3",{"w":1.25,"h":0.75},"0,4",{"w":1.25,"h":0.75},"0,5",{"w":1.25,"h":0.75},"0,6",{"x":0.25,"w":1.25,"h":0.75},"0,7",{"w":1.25,"h":0.75},"0,8",{"w":1.25,"h":0.75},"0,9",{"w":1.25,"h":0.75},"0,10",{"w":1.25,"h":0.75},"0,11"],
	[{"y":-0.25,"x":15.25,"c":"#cccccc"},"1,15","2,15","0,15"],
	[{"y":-0.75},"1,0","1,1","1,2","1,3","1,4","1,5","1,6","1,7","1,8","1,9","1,10","1,11","1,12","1,13","1,14"],
	[{"c":"#998d8d","w":1.5},"2,0",{"c":"#cccccc"},"2,1","2,2","2,3","2,4","2,5","2,6","2,7","2,8","2,9","2,10","2,11","2,12",{"x":0.25,"c":"#998d8d","w":1.25,"h":2,"w2":1.5,"h2":1,"x2":-0.25},"2,13",{"x":0.25,"c":"#cccccc"},"2,14","3,13","3,14"],
	[{"c":"#998d8d","w":1.75},"3,0",{"c":"#cccccc"},"3,1","3,2","3,3","3,4","3,5","3,6","3,7","3,8","3,9","3,10","3,11","3,12",{"x":1.5},"4,13","4,14","3,15"],
	[{"c":"#998d8d","w":2.25},"4,0",{"c":"#cccccc"},"4,1","4,2","4,3","4,4","4,5","4,6","4,7","4,8","4,9","4,10","4,11",{"c":"#998d8d","w":1.75},"4,12",{"x":0.25,"c":"#cccccc"},"5,12","5,11","4,15"],
	[{"x":0.75},"5,0","5,1",{"c":"#998d8d","w":1.25},"5,2",{"w":1.25},"5,3",{"w":3},"5,4",{"w":1.25},"5,5",{"c":"#cccccc"},"5,6","5,7","5,8","5,9","5,10",{"x":0.75},"5,13","5,14","5,15"]
    ]
  }
}